strategy_column,benchmark_column,observed_sharpe_difference,bootstrap_mean_difference,bootstrap_p05,bootstrap_p50,bootstrap_p95,share_positive,block_months,samples,seed
strategy_return_net,equal_weight_return_net,0.049107102343837084,0.054897305502073605,-0.1838651825773438,0.05685572257132726,0.3068586758367448,0.646,6,1000,7
strategy_return_net,static_60_40_return_net,-0.06134796735470782,-0.06326150305915713,-0.4751925172358722,-0.07297123039717518,0.3515581063862172,0.405,6,1000,7
