strategy,annualized_return,annualized_volatility,sharpe_ratio,max_drawdown
regime_diagnostic_net,0.07801936431556356,0.10554671711977079,0.7391927143222262,-0.2788504260707684
equal_weight_net,0.06690883309098106,0.09695729331200197,0.6900856119783891,-0.2788504260707684
static_60_40_net,0.08586370256904563,0.10725713824959211,0.800540681676934,-0.26215223282005307
