strategy_column,benchmark_column,observed_sharpe_difference,bootstrap_mean_difference,bootstrap_p05,bootstrap_p50,bootstrap_p95,share_positive,block_months,samples,seed
strategy_return_net,equal_weight_return_net,-0.007142139907651335,0.19833244977316503,-0.4420191103889592,0.20613605875899044,0.8301096797007192,0.69,6,1000,17
strategy_return_net,static_60_40_return_net,0.5000921985502009,0.6348805299097101,0.17607102832353433,0.6019274983600221,1.1750626113497034,0.992,6,1000,17
strategy_return_net,shy_return_net,-0.2857994868009289,-0.33716925234260464,-1.2617523902321879,-0.320565766934691,0.5043629804475369,0.261,6,1000,17
