strategy,annualized_return,annualized_volatility,sharpe_ratio,max_drawdown,average_monthly_turnover
regime_diagnostic_net,0.0563329865497435,0.06874543927911145,0.8194432552976716,-0.10193604326840666,0.04346405228758169
equal_weight_net,0.08308464353882639,0.10051554839873778,0.8265849897096091,-0.14869796627097565,0.0
static_60_40_net,0.04460846020956777,0.1396850443337528,0.31935029567649137,-0.20688433484855617,
shy_net,0.023671986722270777,0.0214176967117009,1.1052536153123467,-0.03575625380407044,
