strategy,annualized_return,annualized_volatility,sharpe_ratio,max_drawdown,average_monthly_turnover
regime_diagnostic_net,0.05633294360428831,0.06874544093945506,0.819442610803841,-0.10193633220261977,0.04346405228758169
equal_weight_net,0.08308465498394013,0.10051559130799843,0.8265847507114923,-0.14869799306461606,0.0
static_60_40_net,0.04460846853994904,0.13968501942787329,0.31935041225363997,-0.20688441849708827,
shy_net,0.023671962040395123,0.02141789757347817,1.1052420976047699,-0.03575756596487223,
